username,tweet,remove_user,value,,,,
p49820494,@linkaja Di pandemi gini buat keluar kemana-mana itu susah mau ga mau tetep harus keluar.Tapi setelah tau fitur ewallet salah satunya @linkaja akhirnya buat beli perlengkapan sekolah lainÂ² berlangganan di aplikasi belajar jadi lebih mudah #lengkapnyauntu, Di pandemi gini buat keluar kemana-mana itu susah mau ga mau tetep harus keluar.Tapi setelah tau fitur ewallet salah satunya  akhirnya buat beli perlengkapan sekolah lainÂ² berlangganan di aplikasi belajar jadi lebih mudah #lengkapnyauntuksemua #pengalamanbaru,positif,,,,
desty007,@gowjek Selama masa pandemi ini saya sudah males banget transaksi dengan uang tunai sekarang lebih andalkan e-wallet buat semua aktivitas. Dari naik KRL bayar ojek online jajan di mall sampai beli pulsa dan kuota selalu gunakan ewallet. Kalian juga gak? B, Selama masa pandemi ini saya sudah males banget transaksi dengan uang tunai,,,,,
bimaswr,@maricyaaahhh pandemi tidak menghalangi thr fren sedia ovo dana shopeepay gopay tinggal milih wes, pandemi tidak menghalangi thr fren,, gopay, tinggal milih wes;positif,,
katadatacoid,Masyarakat beralih ke layanan digital saat pandemi corona salah satunya pembayaran non-tunai. @ShopeePay_ID @ovo_id dan @danawallet mencatatkan lonjakan jumlah pengguna hingga 267%.   https://t.co/6InMXemmgr,Masyarakat beralih ke layanan digital saat pandemi corona,,,,,
idwartajateng,@tiket dan @ShopeePay_ID bekerja sama memberi kemudahan bagi para pengguna merencanakan liburan yang aman dan nyaman di tengah pandemi. #wartajateng    https://t.co/uUu3nuDFWN, dan @ShopeePay_ID bekerja sama memberi kemudahan bagi para pengguna merencanakan liburan yang aman dan nyaman di tengah pandemi. #wartajateng    https://t.co/uUu3nuDFWN,positif,,,,
alraiueo,@ShopeeCare salah dua2nya min ğŸ˜€ buktinya saya selalu bayar tagihan tepat waktu aktif pake shopeepay sama paylater juga. tp akun saya udah masuk setahun limitnya dibikin jd 0 ga dibalik2in sampe skrg alasannya gara2 pandemiğŸ˜„ğŸ¤­, salah dua2nya min ğŸ˜€ buktinya saya selalu bayar tagihan tepat waktu,,,,,
tomioo_,@ShopeePay_ID Semenjak pandemi aku harus lebih cermat dalam berbelanja. Untung ada promo Voucher ShopeePay Rp 1 nih. Bayar kebutuhan belanja tinggal scan tanpa tunai. Jadi kebutuhan dapur tetap aman dan juga hemat #ShopeeSMS #FotoMantulSale @hermavvan @ad, Semenjak pandemi aku harus lebih cermat dalam berbelanja. Untung ada promo Voucher ShopeePay Rp 1 nih. Bayar kebutuhan belanja tinggal scan tanpa tunai. Jadi kebutuhan dapur tetap aman dan juga hemat #ShopeeSMS #FotoMantulSale @hermavvan @adeSur9 @SimonJufr  https://t.co/wY9BP4uLZY,positif,,,,
hetty_ke,@ShopeeID selama pandemi jadi suka blnja online khususnya di shopee krn ada gratis ongkir n gampang byrnya pke shopeepay dpt potongan lg enak deh pokoknya blnja di shopee puas bgtt, selama pandemi jadi suka blnja online khususnya di shopee krn ada gratis ongkir n gampang byrnya pke shopeepay dpt potongan lg enak deh pokoknya blnja di shopee puas bgtt,positif,,,,
yocipaa,@bintangemon temen kos pernah pinjem 100k krn keburu pandemi jd balikinnya mau ditransfer tp ternyata beda bank. akhirnya aku suruh buat top up shopeepay aja di alfamart biar gada biaya admin wkwk, temen kos pernah pinjem 100k krn keburu pandemi jd balikinnya mau ditransfer tp ternyata beda bank. akhirnya aku suruh buat top up shopeepay aja di alfamart biar gada biaya admin wkwk,positif,,,,
adikaraputra,Mau verifikasi akun @ShopeePay_ID ditolak karena KTP rusak karena ada cuil akibat dulu sempat tercuci di mesin cuci. Mau benarkan KTP ya takut masa pandemi gini. Padahal OVO Premier GoPay Plus lolos saja. Berarti tidak berjodoh dengan @ShopeeID jodohnya dgn e-commerce lainnya,Mau verifikasi akun  ditolak karena KTP rusak karena ada cuil akibat dulu sempat tercuci di mesin cuci. Mau benarkan KTP ya takut masa pandemi gini. Padahal OVO Premier,,,,,
falsegodamn,@ShopeePay_ID min sya gapernah telat bayar transaksi sya udah ditingkatkan ampe jadi gold dari awal pandemi sampe skrg akun sya masih belom bisa dipakai spaylater nya padahal temen yg lain yg average transaksi dibawah sya udah pada aktif., min sya gapernah telat bayar,,,,,
hellovejk,@tanyainrl 6k doang anjrt  semenjak pandemi gni gue lebih sring nyimpen duit di gopay ovo shopeepay :((, 6k doang anjrt ,,,,,
1stheya,@subschfess Uang nder ğŸ˜­ğŸ‘ pandemi ginikan mending pkek ovo/tf/shopeepay hikd, Uang nder ğŸ˜­ğŸ‘ pandemi ginikan mending pkek ovo/tf/shopeepay hikd,positif,,,,
yeppeodoy,@ShopeeID Min banyakin gratis ongkir COD dong minlagi pandemi gini susah buat isi shopee pay atau bayar via bank atau supermarket.lebih nyaman COD, Min banyakin gratis ongkir COD dong min,,,,,
midtrans_com,@ShopeePay_ID jadi salah satu e-wallet yang paling banyak dipilih pembeli selama pandemi (*riset @MarkPlus_Inc dan @Ipsos_Indonesia).  Tambahkan metode pembayaran ShopeePay di toko online Anda aktivasi cepat dan mudah lewat Midtrans!  https://t.co/mr9Jtzn, jadi salah satu e-wallet yang paling banyak dipilih pembeli selama pandemi (*riset @MarkPlus_Inc dan @Ipsos_Indonesia).  Tambahkan metode pembayaran ShopeePay di toko online Anda,,,,,
 ,Citilink dan ShopeePay Wujudkan Penerbangan Aman dan Terjangkau di Masa Pandemi  https://t.co/EffQLdJT0L via @indoict,Citilink dan ShopeePay Wujudkan Penerbangan Aman dan Terjangkau di Masa Pandemi  https://t.co/EffQLdJT0L via ,positif,,,,
ak63____,@ShopeeID saya mau tanya kenapa ya shopee pay latter saya dari awal pandemi sampai sekarang masih di 0 kan?? Padahal banyak akun teman saya justru pay latter nya sudah ditambahkan malahan limit nya. Dan tidak di 0 kan sedangkan akun saya masih di 0 kan, saya mau tanya kenapa ya shopee pay latter saya dari awal pandemi sampai sekarang masih di 0 kan?? Padahal banyak akun teman saya justru pay latter nya sudah ditambahkan malahan limit nya. Dan tidak di 0 kan,,,,,
ta_anta97,@ShopeeCare Hujan dimasa pandemi kita susah2 cari uang dimasa pandemi eh pas mau order barang di shopee pake shopeepay isi saldo gk masuk2. Udah hampir 1x24. ğŸ˜ŒğŸ˜Œ, Hujan dimasa pandemi,,,,,
billlilipaly,@DamriIndonesia tahun 2020 dan lagi pandemi begini DAMRI ga bisa pembayaran pake LinkAja maupun kartu debit. Apalagi Gopay OVO Dana Shopeepay dll. Cuma menerima cash. PANDEMI LOH WOY PANDEMI. Please banget ga ngerti lagi.   Lokasi: Terminal 3 Soetta, tahun 2020 dan lagi pandemi begini,, Shopeepay dll. Cuma menerima cash. PANDEMI LOH WOY PANDEMI. Please banget ga ngerti lagi.   Lokasi: Terminal 3 Soetta;positif,,,
shopeecare,@dayyysixx Mimin bantu infoin yah terkait limit SPL kamu ada ketentuan baru dari shopee terkait limit SPL  karena masa pandemi COVID-19 tapi tenang kak secepatnya bakal diinfoin lagi terkait limit shopee pay latter kamu yah kuy tingkatin lagi belanja kamu, Mimin bantu infoin yah terkait limit SPL kamu,, secepatnya bakal diinfoin lagi terkait limit shopee pay latter kamu yah, kuy tingkatin lagi belanja kamu :)^BB;negatif,,
iyaainiakuhehe,@masmasjawabgt Shopeepay si ka soalny lagi pandemi gini semua kebutuhan ada disana jadi lebih mudah aja tanpa harus keluar rumah, Shopeepay si ka soalny lagi pandemi gini semua kebutuhan ada disana jadi lebih mudah aja tanpa harus keluar rumah,positif,,,,
udoyudoy,@siriusish Selama pandemi sering banget diskon apalagi pake tumbler tambah shopee pay roti2nya kadang beli 1 gratis 1 lagi, Selama pandemi sering banget diskon apalagi pake tumbler,,,,,
intrvtgirl,@nadilaafff @duhthere @Farradlr @rlthingy Valid selama pandemi cicilan shopee pay later me telat terus.. Mana di telponin terus bunga juga naik pusing banget wkwkwkw, @duhthere @Farradlr @rlthingy Valid,,,,,
fadlunrahman,Traktir teman sekarang jadi lebih murah berkat promo Rp 1 dari @ShopeePay_ID sangat terbantu banget di masa pandemi begini karena bisa menghemat pengeluaran â¤ #SemuaRp1Â  #ShopeePayRp1  https://t.co/dVPmZnpxuR,Traktir teman sekarang jadi lebih murah berkat promo Rp 1 dari  sangat terbantu banget di masa pandemi begini karena bisa menghemat pengeluaran â¤ #SemuaRp1Â  #ShopeePayRp1  https://t.co/dVPmZnpxuR,positif,,,,
exta_zee,Udah paling bener jajan hemat di masa pandemi beli burger sama ayam di @BurgerKing_ID bayarnya pake @ShopeePay_ID . 2item only 22k (include tax) dpt kesbek 15K! Happiness ğŸ˜˜  https://t.co/xSklyiVFJG,Udah paling bener jajan hemat di masa pandemi,,,,,
fiqrinugraha9,Tips berhemat saat pandemi seperti Ini mending belanja Dishopee aja deh super hemat banyak diskon dan selalu ada gratis ongkir dan pastinya ga perlu keluar rumah bisa menggunakan metode Cod. @ShopeeID @ShopeePay_ID #ShopeePayRp1 #semuarp1   https://t.co/BUaWjhpPyI  https://t.co/qPwsx6oR1F,Tips berhemat saat pandemi seperti Ini mending belanja Dishopee aja deh super hemat banyak diskon dan selalu ada gratis ongkir dan pastinya ga perlu keluar rumah,,,,,
mothefuxxa,@banjarbase rasanya pas pandemi fitur shopee pay di nonaktifkan shopee dulu, rasanya pas pandemi fitur shopee pay di nonaktifkan shopee dulu,negatif,,,,
callubyminee,@sukaaskincare @discountfess barusan aku dm dan si admin ig juga minta kronologinya. Gara2 gabisa pake shopeepay karna belanjaan gak nyampe 50k sampe gajadi beli padahl lagi pandemi gini dianjurin cashless lohğŸ˜¤, @discountfess barusan aku dm,,,,,
katadatacoid,Riset Snapcart dan MarkPlus menunjukkan bahwa ShopeePay lebih banyak digunakan selama pandemi corona dibandingkan @gopayindonesia dan @ovo_id.   https://t.co/m06qHMAziE,Riset Snapcart dan MarkPlus menunjukkan bahwa ShopeePay lebih banyak digunakan selama pandemi corona,,,,,
natt4a,@yessiwardhani_ Selama pandemi ini Monami kalo di atas jam 7 malem diskon 50%. Plus ada lagi cashback kalo pake shopeepay. Ku bahagia., Selama pandemi ini,,,,,
renebaejh1,@jntexpressid SEBENTAR LAGI AKU BAKAL ULTAH DAN SIDANG JUGA WISUDA ONLINE KAK SEDIH DI PANDEMI SEPERTI INI GAK ADA TEMEN YG BISA NGERAYAIN BARENG. JADI PENGEN GUNAIN SHOPEE PAY BUAT CELEBRATE DENGAN BELANJAIN KELUARGA SEBAGAI HADIAH DARI BELANJA DI SHOPEE, SEBENTAR LAGI AKU BAKAL ULTAH DAN SIDANG JUGA WISUDA ONLINE KAK,,,,,
yohanaenset,@jntexpressid Kalo dapat shopeepay buat beli baju untuk ngantor. Sejak pandemi gak pernah ke mall. Enakan beli online aja #HBDJNT, Kalo dapat shopeepay buat beli baju untuk ngantor. Sejak pandemi gak pernah ke mall. Enakan beli online aja #HBDJNT,positif,,,,
dianravi,Selama masa pandemi ngapain aja? Ngenalin suami ke @ShopeeID ğŸ˜† mulai dari main gamesnya sekarang udah ikutan jajan via Shopee juga. Tinggal ngenalin ke Shopeepay,Selama masa pandemi ngapain aja? Ngenalin suami ke  ğŸ˜† mulai dari main gamesnya,,,,,
irfansuryasptra,Dear @alfamart Alfaexpress stasiun pondokranji tidak bisa bayar pakai shopeepay. Dengan alasan sedang offline. hari ini pukul 13:20. Sejatinya cashless lebih aman di masa pandemi begini.,Dear  Alfaexpress stasiun pondokranji tidak bisa bayar pakai shopeepay. Dengan alasan sedang offline. hari ini pukul 13:20. Sejatinya cashless lebih aman di masa pandemi begini.,positif,,,,
brockhampton777,@bertanyarl shopeepay sm gopay sih sm m-banking sbg center wkwk gapernah narik cash selama covid sampe lupa rasanya megang uang kertas gimana menghadehğŸ˜­, shopeepay sm gopay sih sm m-banking sbg center wkwk,,,,,
depthonemiles,@blackrojse ga di bales menerima dana berupa saldo shopeepay ovo dan sejenisnya nomornya tetap sama guna mencegah penularan covid 19 ğŸ™‚, ga di bales,, guna mencegah penularan covid 19 ğŸ™‚;positif,,,
jhhjpjmiw,@yoonmarch_ iya emang ga pake uang tunai kan covid ngamplop nya bisa trf ovo gopay shopeepay link dana dll wkwk, iya emang ga pake uang tunai kan covid,, shopeepay, link, dana, dll wkwk;positif
urthaitea,@tanyainrl aku selalu pake shopeepay. aman aman aja si klo isi bisa di alfa/indomaret. skrg jg musim covid jd gausah berinteraksi sama kurir lg cmn klo isi saldo sekalian banyak aja biar ga bolak balik, aku selalu pake shopeepay. aman aman aja si,,,,,
outrotearo,@yoonmeowbit mau buat beli kuota hampir habis juga yah lagi gak boleh keluar karena covid berakhir beli pake pulsa lewat shopeepay :', mau buat beli kuota hampir habis juga yah lagi gak boleh keluar karena covid berakhir beli pake pulsa lewat shopeepay :',positif,,,,
itsdestan,@ShopeeID Kenapa limit shopee pay laterku masih 0 terus. Bilangnya penyesuaian karena covid. Tp limit temen temenku udh pada balik, Kenapa limit shopee pay laterku masih 0 terus. Bilangnya penyesuaian karena covid. Tp limit temen temenku udh pada balik,negatif,,,,
shopeepay_id,@devaraara @ShopeeID @ShopeeCare Halo kak Devara! duhh mimin minta maaf ya udah bikin kakak bingung :( Mimin infoin saat ini Shopee sdg mnjlnkan kebijakan sementara terkait Covid-19 yg mengakibatkan beberapa pengguna ShopeePayLater limitnya jd Rp. 0- . Mi, @ShopeeID @ShopeeCare Halo kak Devara! duhh mimin minta maaf ya udah bikin kakak bingung :( Mimin infoin saat ini Shopee sdg mnjlnkan kebijakan sementara terkait Covid-19 yg mengakibatkan beberapa pengguna ShopeePayLater limitnya jd Rp. 0,,,,,
simpkdy,@doy__bunny @ShopeeID iya yaa biasanya juga enggak :( mungkin karena covid orang2 banyak yg gabut trus ditambah ada shopeepay later trus freeong kan banyak yg berlaku buat shopeepay/later jadi kerjaannya checkout shopee:') wkwk just my opinion, @ShopeeID iya yaa biasanya juga enggak :( mungkin karena covid,,,,,
ooorangtua,@argganzaa @Rizkihadi Shopeepay later gw kenapa jadi 0 rupiah ya.. semenjak covid. Hahaha, @Rizkihadi Shopeepay later gw kenapa jadi 0 rupiah ya.. semenjak covid. Hahaha,negatif,,,,
aldi_tanaka,@GrabID Dimasa pandemi ini kebutuhan akan rekreasi menjadi salah satu hal wajib dan salah satunya berjalan2 ke mall. Jarak rumah yang jauh dari Mall mengharuskan aku naik GrabBike tapi kebayang kan kalo sehari harus bayar segini. Jadi #Bisalah dapat ovo s, Dimasa pandemi ini kebutuhan akan rekreasi menjadi salah satu hal wajib dan salah satunya berjalan2 ke mall. Jarak rumah yang jauh dari Mall mengharuskan aku naik GrabBike tapi kebayang kan kalo sehari harus bayar segini. Jadi #Bisalah dapat ovo sejuta untuk naik grab sepuasnya  https://t.co/HP8fieWK4i,positif,,,,
cacosyourbae,@GrabID Karna ga pernah WFH jd tiap hari harus ke kantor. Grab jadi alternatif bgt jd transportasi untuk ke kantor dan kemana pun selama pandemi ini. #Bisalah @GrabID ngasih saldo ovo points buat trip bolak balik kantor-rumah ğŸ˜ sisanya buat jajan di gr, Karna ga pernah WFH,,,,,
callmesopi,@radenrauf Cara menjaga kesehatan agar #SemuaTenangTerlindungi disaat pandemi seperti ini wajib banget patuhi protokol kesehatan dan jangan lupa berolahraga makan dan tidur yang teratur dan sekarang pakai OVO untuk pembayaran jadi lebih aman dan praktis, Cara menjaga kesehatan agar #SemuaTenangTerlindungi disaat pandemi seperti ini wajib banget patuhi protokol kesehatan dan jangan lupa berolahraga makan dan tidur yang teratur,,,,,
hkaitxt,@radenrauf Tentunya agar #SemuaTenangTerlindungi pas pandemi kayak gini patuh pada protokol kesehatan paling penting sih dan tentunya gak keluar rumah untuk beli makanan terutama kalau lagi puasa kan mager masak ya. Bayar pake OVO untuk pesen makanan adal, Tentunya agar #SemuaTenangTerlindungi pas pandemi kayak gini,,,,,
frhnkid,@radenrauf Cara jaga kesehatan agar #SemuaTenangTerlindungi  saat pandemi wajib patuhi protokol  dan  selalu menjaga kesehatanolahraga dan tidur teratur . Dan saat ini juga lebih sering transaksi pakai OVO buat order makanan. Aman dan praktis, Cara jaga kesehatan agar #SemuaTenangTerlindungi  saat pandemi wajib patuhi protokol  dan  selalu menjaga kesehatan,,,,,
dinindaaaaa,@AmaliaWinny @FOODFESS2 Selama pandemi aku menerima thr via saldo ovo gopay dana atau ga transfer kokğŸ™‚, @FOODFESS2 Selama pandemi aku menerima thr via saldo ovo,,,,,
utamiii18,@radenrauf @ovo_id Di masa pandemi gini cara jaga kesehatan agar #SemuaTenangTerlindungi itu istirahat yg cukup makan makanan yg bergizi hindari stress kurangi mobilitas dgn #DiRumahAja dan minum vitamin rutin tetap patuhi prokes serta transaksi cashless , @ovo_id Di masa pandemi gini,, kurangi mobilitas dgn #DiRumahAja dan minum vitamin rutin, tetap patuhi prokes serta transaksi cashless lebih aman dengan ovo @ovo_id.;positif,,
ynt_99,@radenrauf @ovo_id Dimasa pandemi ini agar #SemuaTenangTerlindungi harus selalu menjaga imun tubuh dg olahraga + menaati prokes biar selalu prokes. Dan sekarang kalo mau pesen makan lewat online aja pake OVO, @ovo_id Dimasa pandemi ini agar #SemuaTenangTerlindungi harus selalu menjaga imun tubuh dg olahraga + menaati prokes biar selalu prokes. Dan sekarang kalo mau pesen makan lewat online aja pake OVO,positif,,,,
riskiabdillah15,@radenrauf #SemuaTenangTerlindungi  Dibulan ramadhan ini dan dimusim pandemi ini perang OVO sangat penting karna menghindari kontak secara langsung atau bersentuhan intinya OVO sangat membantu, #SemuaTenangTerlindungi  Dibulan ramadhan ini dan dimusim pandemi ini perang OVO sangat penting,,,,,
deva26184793,@radenrauf Dimasa pandemi sekarang ini kesehatan paling penting. Wajib banget patuhi protokol kesehatan. Saat #dirumahsaja aku selalu transaksi apapun pake OVO dong cara nya mudah banget dan Aman #SemuaTenangTerlindungi, Dimasa pandemi sekarang ini kesehatan paling penting. Wajib banget patuhi protokol kesehatan. Saat #dirumahsaja aku selalu transaksi apapun pake OVO dong,,,,,
panas58782551,@radenrauf Ovo solusi terbaik di saat pandemi gini agar belanja kebutuhan ga perlu repot repot keluar rumah dan bertatap muka langsung. #SemuaTenangTerlindungi  kalau kita tetap mematuhi protokol kesehatan dan anjuran pemerintah, Ovo solusi terbaik di saat pandemi gini,,,,,
mbuhpiyemeneh,@radenrauf Yang penting jaga kesehatan diri sendiri dilingkungan keluarga dan luar lingkungan dimasa pandemi tidak lupa juga protokol kesehatan dengan OVO juga bisa nemudahkan transaksi tanpa uang cash :) jadi  #SemuaTenangTerlindungi, Yang penting jaga kesehatan diri sendiri,,,,,
yauwesrapopo,@radenrauf Pandemi gini harus jaga jarak dan gaboleh berkerumun apalagi berkerumun sama mantan ovo bener bener ngebantu diwaktu kelaperan dan juga untuk kesehatan bisa pake PRUTect Care cuma 5000 sebulan. Parkir aja 5000 ini di ovo dah bisa buat segalanya, Pandemi gini harus jaga jarak dan gaboleh berkerumun apalagi berkerumun sama mantan,,,,,
flowerahayu,@radenrauf lagi masa pandemi gini kesehatan nomor satu yang harus paling di jaga karena pandemi juga lebih sering bertransaksi pakai OVO dari mulai isi pulsa/token dan pesan makanan #SemuaTenangTerlindungi, lagi masa pandemi gini kesehatan nomor satu yang harus paling di jaga,,,,,
strprty,@VictoriaLonita Astaga ini banget tabungan kok kenceng banget turunnya setahun terakhir taunya pas dicek rinci isinya cuma top up ovo muluuu selama pandemi jd lebih sering GrabCar dan mesen makanan bangkeee, Astaga ini banget,, bangkeee;positif,,,
heialif,@JeniusConnect Rencana lebaran tahun kedua pandemi baiknya mengadopsi konsep Visa Contacless nirsentuh.  Dirayakan dg sederhana di rumah u/ kebaikan bersama. Bagi2 angpao ke ponakan lewat top up e-wallet Jenius. Hidup jadi lebih mudah sejak ada Jenius buk, Rencana lebaran tahun kedua pandemi,, bukan? #LakukanDenganCaramu #THRJenius;positif,,,
budi23663174,@linkaja Di saat pandemi coronasangat membantu sekali.karna lebih banyak untungnya di banding e-wallet lain. #lengkapnyauntuksemua, linkaja Di saat pandemi corona,,,,,
keikazuki2,@linkaja Selama pandemi ini memang e-wallet adalah jawaban untuk banyak transaksi. Linkaja adalah salah satu e-wallet favorit saya bagus untuk pekerja seperti saya. Ada banyak promo jadi berguna buat sekarang #LengkapnyaUntukSemua, Selama pandemi ini memang e-wallet adalah jawaban untuk banyak transaksi. Linkaja adalah salah satu e-wallet favorit saya,,,,,
ppatk,Hai FIUers! Podcast Jumatan hadir kembali bersama Presiden @ovo_id yang akan berbincang seru tentang kejahatan e-wallet di masa pandemi. Penasaran? langsung saja klik di sini  https://t.co/nQ0mLyVixi atau kunjung kanal PPATK Indonesia.  #ppatk #podcastJUMATAN  https://t.co/usz0e56TDb,Hai FIUers! Podcast Jumatan hadir kembali,,,,,
syalzadilla30,Mau tau ga e-wallet apa yang aku pake? Aku #PakeLinkAja buat semua transaksi yang aku lakukan transaksi apapun bisa dilakukan dengan hanya pake @LinkAja nih. Emang LinkAja #LengkapnyaUntukSemua sangat memudahkan apalagi dimasa pandemi ini yang mengharuskan jaga jarak.  https://t.co/Vjnq7odBLQ,Mau tau ga e-wallet apa yang aku pake? Aku #PakeLinkAja buat semua transaksi yang aku lakukan,,,,,
renny_wagia,Tapi gue suka simpan uang pake dompet digital / e-wallet.. kalo kalian mutualanku gimana??? gue sih #pakeLinkAja hobi belanja onlineku soalnya meningkat diera pandemi gini... kalian juga pake @linkaja gak nih??? #LengkapnyaUntukSemua,Tapi gue suka simpan uang pake dompet digital / e-wallet.. kalo kalian mutualanku gimana??? gue sih #pakeLinkAja hobi belanja onlineku soalnya meningkat diera pandemi gini... kalian juga pake  gak nih??? #LengkapnyaUntukSemua,positif,,,,
hafizhkun1,Pernah dikasih saran sama ibuk buat selalu sedekah harian. Dan karena masih pandemi yang gampang menular lewat ulang e-wallet jadi solusi.. Terima kasih @gojekindonesia @gopayindonesia @kitabisacom  https://t.co/A8qTAh3Wnb,Pernah dikasih saran sama ibuk buat selalu sedekah harian. Dan karena masih pandemi yang gampang menular lewat ulang,,,,,
bilianmutasikin,@ATMBERSAMA Tips gaya hidup Cashless Society #PintarBersama di situasi pandemi #1 : 1. Hitung pengeluaran rutin pada bulan-bulan sebelumnya 2. Pisahkan pengeluaran rutin yang tidak bisa dilakukan via online 3. Persiapkan lebih dari 1 e-wallet/aplikasi pem, Tips gaya hidup Cashless Society #PintarBersama di situasi pandemi #1 : 1. Hitung pengeluaran rutin pada bulan-bulan sebelumnya 2. Pisahkan pengeluaran rutin yang tidak bisa dilakukan via online 3. Persiapkan lebih dari 1 e-wallet/aplikasi pembayaran pada gadget,positif,,,,
amasfsh,@andrevarahmawan Betul sekali bapak makanya kita harus jauhkan e-wallet masa pandemi ini agar tidak kegerus saldonya, Betul sekali bapak,,,,,
mega_haryanti27,@JeniusConnect Dan juga suka bgt fitur e-wallet center bener2 memudahkan utk topup e-wallet. Apalagi aku pengguna setia OJOL dimana dimasa pandemi ini lebih memilih byr mengunakan nontunai. Dgn fitur ewalet center ini jadi memudahkan aku untuk topup diman, Dan juga suka bgt fitur e-wallet center,,,,,
jenlboe,Semenjak pandemi gue males keluar rumah untung aja ada @linkaja yang siap membantu memenuhi kebutuhan rumah #LengkapnyaRamadan Lebih Hemat hingga 350ribu  https://t.co/uIqWcviIEo,Semenjak pandemi,,,,,
kanii69389228,Pandemi gini paling cocok ya transaksi non tunai sih. Lebih aman. Apalagi kalo bayarnya pake LinkAja bisa Lebih hemat dah. @linkaja #LengkapnyaRamadan Lebih Hemat Hingga 350ribu  https://t.co/lqHdusVt5V,Pandemi gini paling cocok ya transaksi non tunai sih. Lebih aman. Apalagi kalo bayarnya pake LinkAja bisa Lebih hemat dah.  #LengkapnyaRamadan Lebih Hemat Hingga 350ribu  https://t.co/lqHdusVt5V,positif,,,,
andinapradipta,@bertanyarl Aku boleh summon @linkaja ? Karena pake bank BUMN top upnya gratis. Sesuai kebutuhanku: Top up @bibitid bisa Bayar @gojekindonesia bisa Bayar @tiket bisa Bayar @CommuterLine bisa (udah setahun nggak roker sih karena pandemi tahun lalu sih bisa, Aku boleh summon linkaja ? Karena pake bank BUMN,,,,,
badrusz08998797,@linkaja Aplikasi yang wajib di instal karena sangat memudahkan terutama di masa pandemi sekarang semua serba online dari pesan tiket KRL Bayar Listrik Bayar Olshop Dll. Cocok juga untuk nabung ga perlu repot-repot antri di Bank. #lengkapnyauntuksemua, linkaja Aplikasi yang wajib di instal karena sangat memudahkan terutama di masa pandemi sekarang semua serba online dari pesan tiket KRL,,,,,
zulmasiregar,@linkaja Aplikasi yang sangat cocok untuk pelajar seperti saya ada banyak promo dan sangat cocok buat investasi apalagi pada kondisi pandemi gini  #lengkapnyauntuksemua,linkaja  Aplikasi yang sangat cocok untuk pelajar seperti saya,,,,,
story_acak1,@linkaja berkat link aja aku bisa bayar asuransi BPJS lewat online apalahi sekarang masa pandemi apa apa serba online bayar tagigan listrik pun online terimakasih @linkaja buat semua nya...hihi  #lengkapuntuksemua, berkat link aja aku bisa bayar asuransi BPJS lewat online,,,,,
story_acak1,@linkaja berkat link aja aku bisa bayar asuransi BPJS lewat online apalahi sekarang masa pandemi apa apa serba online bayar tagigan listrik pun online terimakasih @linkaja buat semua nya...hihi, berkat link aja aku bisa bayar asuransi BPJS lewat online,,,,,
rofiurrutab,@linkaja Menginspirasi buat kita yang menjaga protokol kesehatan. Semoga pandemi berakhir @linkaja #lengkapnyauntuksemua, linkaja Menginspirasi buat kita yang menjaga protokol kesehatan. Semoga pandemi berakhir  #lengkapnyauntuksemua,positif,,,,
rakhmatzul,@linkaja Di masa pandemi seperi saat ini link aja sangat membantu masyarakatmenginspirasi buat kita yang menjaga protokol kesehatan #lengkapnyauntuksemua, Di masa pandemi seperi saat ini link aja sangat membantu masyarakat,,,,,
gina95512065,@linkaja Aplikasi yang bermanfaat selain itu ada banyak promo jadi berguna untuk investasi @linkaja  mempermudah transaksi saat pandemi  membantu kita menjaga protokol kesehatan transaksi tanpa bersentuhan langsung  #LengkapnyaUntukSemua, Aplikasi yang bermanfaat selain itu ada banyak promo jadi berguna untuk investasi  ,,,,,
teguh89237212,@linkaja Menginspirasi buat kita yang menjaga protokol kesehatan apa lagi di era pandemi saat ini. #lengkapnyaUntukSemua @LinkAja, linkaja Menginspirasi buat kita yang menjaga protokol kesehatan,,,,,
fenylivia_,@linkaja Bagus untuk pekerja seperti saya apalagi dimasa pandemi saat ini harus menjaga protokol kesehatan. Dengan pakai LinkAja mempermudah saya yang sering delivery makanan. #LengkapnyaUntukSemua, Bagus untuk pekerja seperti saya apalagi dimasa pandemi saat ini harus menjaga protokol kesehatan. Dengan pakai LinkAja mempermudah saya yang sering delivery makanan. #LengkapnyaUntukSemua,positif,,,,
bahridesu,@linkaja Pakai link ajabanyak keuntungannya loh! Banyak promo jadi berguna buat sekarang di zaman yang apa-apa harus digital dan masa pandemi ini! #LengkapnyaUntukSemua, Pakai link aja banyak keuntungannya loh! Banyak promo jadi berguna buat sekarang di zaman yang apa-apa harus digital dan masa pandemi ini! #LengkapnyaUntukSemua,positif,,,,
kang_ghaust,@linkaja Menggunakan @linkaja semakin mudah disaat pandemi ini menginspirasi buat kita yang menjaga protokol kesehatan selain itu ada banyak promo jadi berguna buat sekarang. #lengkapnyauntuksemua, Menggunakan linkaja semakin mudah disaat pandemi ini,,,,,
fadiniman,@linkaja Aplikasi ini sangat menginspirasi buat kita yang menjaga protokol kesehatan selama pandemi covid-19 ini semoga wabah ini segera hilang dan semuanya bisa normal kembali.  #LengkapnyaUntukSemua, Aplikasi linkaja ini sangat menginspirasi buat kita yang menjaga protokol kesehatan selama pandemi covid-19 ini semoga wabah ini segera hilang dan semuanya bisa normal kembali.  #LengkapnyaUntukSemua,positif,,,,
jajaksumping,@linkaja Cocok sekali untuk pekerja #lengkapnyauntuksemua  @linkaja sangat mengispirasi dan menjadi inovasi di tengah pandemi ini.,linkaja Cocok sekali untuk pekerja #lengkapnyauntuksemua   sangat mengispirasi dan menjadi inovasi di tengah pandemi ini.,positif,,,,
furqonfauzi10,@linkaja menginspirasi buat kita yang menjaga protokol kesehatan dan sangat memudahkan saya dalam bertransaksi khusus nya pada masaÂ² pandemi ini #LengkapnyaUntukSemua, menginspirasi buat kita yang menjaga protokol kesehatan,,,,,
rickysi95745641,@linkaja @linkaja emang solutif banget di masa pandemi begini. Menginspirasi buat kita yang menjaga protokol kesehatan. #lengkapnyauntuksemua, linkaja emang solutif banget di masa pandemi begini. Menginspirasi buat kita yang menjaga protokol kesehatan. #lengkapnyauntuksemua,positif,,,,
hastinfina,Hainamaku fina. Pandemi masih belum berlalu. Kalau mau transaksi pakai aplikasi linkaja mudah gak ribet cukup pakai hp dari rumah cocok sekali buat ibu di rumah. #lengkapnyauntuksemua   @linkaja,Hai,,,,,
azizah_mariah,@linkaja Selama pandemi jadi mls kemana2 males juga buat pake uang cash  untung aja ada @linkaja ada banyak promo jadi berguna buat sekarang #LengkapnyaUntukSemua, Selama pandemi jadi mls kemana2 males juga buat pake uang cash ,,,,,
ramadhanwahyu93,@linkaja Di masa pandemi ini pake link aja cocok sekali buat ibu dirumah. Tanpa harus keluar rumah yaa dan ada banyak promo jadi berguna buat sekarang @linkaja #lengkapnyauntuksemua, Di masa pandemi ini pake link aja cocok sekali buat ibu dirumah. Tanpa harus keluar rumah yaa dan ada banyak promo jadi berguna buat sekarang  #lengkapnyauntuksemua,positif,,,,
tsani79984055,@linkaja Terimakasih  @linkaja   pembelian pulsa pembayaran listrik jadi mudah. Selain memudahkan dalam hal pembayran dan pembelian juga bnyak promo dan cashback nya lohh cocok sekali buat ibu dirumah.Transaksi tanpa keluar rumah di masa pandemi yaa linka, Terimakasih  linkaja  pembelian pulsa,,,,,
pria_ketiga,@inicuma @linkaja Selama pandemi ini sy jd lbh sering delivery order. Nah ini sangat menginspirasi saya. Meskipun bukan ibu-ibu cocok juga buat saya yang sering delivery makanan Terima kasih  @linkaja  #LengkapnyaUntukSemua, linkaja Selama pandemi ini sy jd lbh sering delivery order. Nah ini sangat menginspirasi saya. Meskipun bukan ibu-ibu,,,,,
vvyuliantiapan,@linkaja Memang link aja cocok sekali selama pandemi daripada  keluar rumah buat beli paketan atau bayar listrik hingga transfer. Sangat menginspirasi buat kita yang #dirumahaja  @linkaja #LengkapnyaUntukSemua, Memang link aja cocok sekali selama pandemi daripada  keluar rumah buat beli paketan atau bayar listrik hingga transfer. Sangat menginspirasi buat kita yang #dirumahaja   #LengkapnyaUntukSemua,positif,,,,
citraaa95672708,@linkaja Semenjak masa pandemi saya jarang berbelanja kebutuhan makan sehingga saya sering delivery makanan melalui aplikasi link aja semuanya jadi simpel dan mudah jadi meskipun bukan ibu-ibu cocok juga buat saya yang sering delivery makanan  #Lengkapnya, Semenjak masa pandemi saya jarang berbelanja kebutuhan makan sehingga saya sering delivery makanan melalui aplikasi link aja semuanya jadi simpel dan mudah,,,,,
ve_hann,@linkaja Wahh semua jadi lebih praktis di linkaja. Cocok sekali buat ibu dirumah. Apalagi pandemi begini menginspirasi buat Kita yang #dirumahaja  terima kasih @linkaja #lengkapnyauntuksemua, Wahh,,,,,
adhellapr,@linkaja Cocok banget untuk keadaan ditengah pandemi seperti ini Menginspirasi buat kita yang #dirumahaja untuk tetap tidak keluar rumah demi kesehatan bersama Terimakasih @linkaja  #lengkapnyauntuksemua,linkaja Cocok banget untuk keadaan ditengah pandemi seperti ini Menginspirasi buat kita yang #dirumahaja untuk tetap tidak keluar rumah demi kesehatan bersama Terimakasih   #lengkapnyauntuksemua,positif,,,,
danisriyanto,@linkaja Sangat cocok apalagi saat pandemi ini yang di haruskan kita tetap di rumah dan jauhi keramian di tambah ada banyak promo jadi berguna buat sekarang terima kasih link aja #lengkapnyauntuksemua, Sangat cocok apalagi saat pandemi ini yang di haruskan kita tetap di rumah dan jauhi keramian di tambah ada banyak promo jadi berguna buat sekarang terima kasih link aja #lengkapnyauntuksemua,positif,,,,
bongdeta,@linkaja Linkaja sangat menginspirasi buat kita yang #dirumahajaâ€¯ketika lagi pandemi covid-19 #lengkapnyauntuksemua, Linkaja sangat menginspirasi buat kita yang #dirumahajaâ€¯ketika lagi pandemi covid-19 #lengkapnyauntuksemua,positif,,,,
nila98773173,@linkaja Terimakasih @linkaja  pembelian pulsa pembayaran listrik jadi mudah. Selain memudahkan dalam hal pembayran dan pembelian juga bnyak promo dan cashback nya lohh cocok sekali buat ibu dirumah.Transaksi tanpa keluar rumah di masa pandemi yaa linkaja, Terimakasih   pembelian pulsa,,,,,
ikmaljabo,@linkaja Terimakasih  @linkaja   telah membantu mempermudah setiap transaksi non tunai. Di musim pandemi begini LinkAja #lengkapnyauntuksemua, linkaja Terimakasih     telah membantu mempermudah setiap transaksi non tunai. Di musim pandemi begini,,,,,
oktazanaputri,@linkaja Terimakasih @linkaja sudah memudah kan proses transaksi di masa pandemi seperti saat ini #LengkapnyaUntukSemua, Terimakasih  linkaja sudah memudah kan proses transaksi di masa pandemi seperti saat ini #LengkapnyaUntukSemua,positif,,,,
alam96122702,@linkaja Terimakasih @linkaja telah mempermudah transaksi non tunai di musim pandemi ini sangat membantu dalam bertransaksi.  #Lengkapuntuksemua, linkaja Terimakasih  telah mempermudah transaksi non tunai,,,,,
anindyajati31,@linkaja Terima kasih @linkaja semakin mudah untuk transaksi non tunai selama pandemi #LengkapnyaUntukSemua, Terima kasih linkaja  semakin mudah untuk transaksi non tunai selama pandemi #LengkapnyaUntukSemua,positif,,,,
iwanzpasker,@linkaja Terimakasih  @linkaja   telah membantu mempermudah setiap transaksi non tunai. Di musim pandemi begini lebih nyaman transaksi non tunai.  LinkAja #lengkapnyauntuksemua, Terimakasih linkaja    telah membantu mempermudah setiap transaksi non tunai. Di musim pandemi begini,,,,,
sephiarf,@linkaja Dengan adanya link aja memudahkan kita untuk bertransaksi seperti belanja online karena pandemi ini mengharuskan kita tetap dirumah aja selain itu banyak promo yang didapatkan ketika menggunakan @linkaja  #LengkapnyaUntukSemua, Dengan adanya link aja memudahkan kita untuk bertransaksi,,,,,
namaakuulfa,@linkaja wah terimakasih @linkaja. karena sangat mempermudah saya melakukan pembayaran/transaksi online terutama dimasa pandemi ini. Meskipun sedang pandemi yuk Semangat Indonesia! #lengkapnyauntuksemua, wah terimakasih linkaja. karena sangat mempermudah saya melakukan pembayaran/transaksi online terutama dimasa pandemi ini. Meskipun sedang pandemi,,,,,
royalbemnus,@linkaja Terima kasih @linkaja sungguh sudah memudahkan banyak kegiatan transaksi saya terutama saat pandemi seperti ini. #LengkapnyaUntukSemua, Terima kasih linkaja,,,,,
utupppp,@linkaja Terima kasih @linkaja   sgt membantu untuk proses pembayaran di masa pandemi sekarang ini dg metode cashlessnya jadi kita bisa tetap menjaga untuk terhindar dari penularan covid melalui uang #LengkapnyaUntukSemua, Terima kasih   ,,,,,
evadheka,@linkaja Semoga pandemi segera berlalu agar mengurangi aktifitas berbelanja online yang semakin meningkat ğŸ˜„ semangat Indonesia #lengkapnyauntuksemua, linkaja Semoga pandemi segera berlalu agar mengurangi aktifitas berbelanja online yang semakin meningkat ğŸ˜„,,,,,
arzldii,@linkaja Sukses selalu untuk LinkAja @linkaja sangat mempermudah saya dalam bertransaksi maupun bayar iuran asuransi di masa pandemi seperti saat ini #lengkapnyauntuksemua, Sukses selalu untuk LinkAja ,,,,,
ardxne,@linkaja Aplikasi yang melancarkan keseharian dalam bertransaksi terutama di pandemi seperti ini #LengkapnyaUntukSemua, Aplikasi linkaja yang melancarkan keseharian dalam bertransaksi terutama di pandemi seperti ini #LengkapnyaUntukSemua,positif,,,,
chev_celious,@linkaja @linkaja di masa pandemi semua transaksi bisa dilakukan di rumah terima kasih @linkaja #lengkapnyauntuksemua,linkaja di masa pandemi semua transaksi bisa dilakukan di rumah,,,,,
exolee_1485,@linkaja Terima kasih @linkaja sudah sangat membantu disaat pandemi ini meskipun dirumah aja tapi tetep bisa belanja dengan transaksi yang ngak ribet ditambah banyak cashbacknya makin love deh pokoknya !!! #LengkapnyaUntukSemua,linkaja Terima kasih  sudah sangat membantu disaat pandemi ini,,,,,
jojoraditya,@linkaja Terima kasih @linkaja bisa bayar di pertamina dengan cashless dan touchless sangat membantu di kondisi pandemi ini ğŸ˜ #lengkapnyauntuksemua,linkaja Terima kasih  bisa bayar di pertamina dengan cashless dan touchless,,,,,
arinaizzaaa,@linkaja Semangat Indonesia menghadapi pandemi ini agar segera berakhir dan Terimakasih @linkaja telah memudahkan pembayaran dimasa pandemi ini #lengkapnyauntuksemua, linkaja Semangat Indonesia menghadapi pandemi ini agar segera berakhir dan Terimakasih  telah memudahkan pembayaran dimasa pandemi ini #lengkapnyauntuksemua,positif,,,,
dosennyali,@linkaja Emang link aja bantu gue bgt apalagi dimasa pandemi gini harus serba online #lengkapnyauntuksemua, Emang link aja bantu gue bgt apalagi dimasa pandemi gini harus serba online #lengkapnyauntuksemua,positif,,,,
gilanganggada1,@linkaja Ya selama pandemi ini @linkaja bener bener ngebantu gua bnget sih entah dari hal pembayaran atau apapun semuanya jadi lebih mudah dan lebih safety juga terimakasih @linkaja #lengkapnyauntuksemua  #PengalamanBaru,linkaja Ya selama pandemi ini  bener bener ngebantu gua bnget sih entah dari hal pembayaran atau apapun semuanya jadi lebih mudah dan lebih safety juga,,,,,
pendra57974452,@linkaja Selama pandemi ini jadi sering banget belajar masak seru banget deh gak perlu takut kuota abis dan repot repot ke toko untuk beli kuota karena sekarang bisa bayar pake linkaja #pengalamanbaru #lengkapnyauntuksemua @linkaja, Selama pandemi ini jadi sering banget belajar masak,,,,,
ridwanfadhil13,@linkaja Selama masa pandemi ini saya menghabiskan banyak waktu buat baca buku novel dan persiapan untuk masuk PTN. Jadinya saya setiap seminggu sekali selalu beli buku baru secara online #PengalamanBaru #lengkapnyauntuksemua @linkaja,Selama masa pandemi ini saya menghabiskan banyak waktu buat baca buku novel dan persiapan untuk masuk PTN. Jadinya saya setiap seminggu sekali selalu beli buku baru secara online pake linkaja #PengalamanBaru #lengkapnyauntuksemua ,positif,,,,
imamabdulreza,@linkaja Menjaga kesehatan dgn makan makanan sehat jd salah satu hal penting di era pandemi ini. Dan juga dibarengi dengan olahraga bersepeda menjadi salah satu aktifitas favorit saya. Dan @linkaja adalah solusi pembayaran virtual ketika bertransaksi #len, Menjaga kesehatan dgn makan makanan sehat jd salah satu hal penting di era pandemi ini. Dan juga dibarengi dengan olahraga bersepeda menjadi salah satu aktifitas favorit saya. Dan linkaja adalah solusi pembayaran virtual ketika bertransaksi #lengkapnyauntuksemua #PengalamanBaru,positif,,,,
tyofebriana_,@linkaja Belakangan ini saya seneng berolahraga tentunya bersepada dimana pada masa pandemi harus meningkatkan sistem imun tubuh seperti @linkaja yang terus meningkatkan fiturnya dimana saya selalu dengan mudah melakukan pembayaran online #LengkapnyaUntuk, Belakangan ini saya seneng berolahraga tentunya bersepada dimana pada masa pandemi harus meningkatkan sistem imun tubuh seperti linkaja yang terus meningkatkan fiturnya dimana saya selalu dengan mudah melakukan pembayaran online #LengkapnyaUntukSemua #PengalamanBaru,positif,,,,
hanna2556133184,@linkaja Selama pandemi jadi suka belajar masak dirumah.  Terimakasih link aja sudah memberikan postingan yang bermanfaat! Bayar apapun jadi mudah dan praktiss!! #LengkapnyaUntukSemua #PengalamanBaru @linkaja, Selama pandemi jadi suka belajar masak dirumah.  Terimakasih link aja sudah memberikan postingan yang bermanfaat! Bayar apapun jadi mudah dan praktiss!! #LengkapnyaUntukSemua #PengalamanBaru ,positif,,,,
fenkq_yohanes,@linkaja AkhirÂ² ini suka banget baca buku apalagi novel benerÂ² bikin mood naik seketika. Dimasa pandemi ini untuk bayar cash takut tapi @linkaja adalah jalan ninjaku utk byr dan beliÂ² sesuatu tanpa berinteraksi secara langsung. #LengkapnyaUntukSemua #P, AkhirÂ² ini suka banget baca buku apalagi novel,,,,,
iem0ntea,@linkaja selama pandemi #dirumahaja jadi lebih sering belajar masak untuk setiap transaksi nya pake @linkaja #PengalamanBaru #lengkapnyauntuksemua, selama pandemi #dirumahaja jadi lebih sering belajar masak,,,,,
kangjagalsapi,@linkaja Selama pandemi aku jadi mudah untuk segala transaksi mulai dari membeli makan makanan sehat dan membayar sepeda untuk olahraga pagi pun bisa dilakukan di @linkaja   #LengkapnyaUntukSemua #PengalamanBaru,linkaja Selama pandemi,,,,,
s_weidiant,@linkaja Sejak pandemi ini ga banyak aktivitas yang bisa dilakuin dirumah   untuk @linkaja jadi bisa melakukan pembayaran dengan mudah .. #lengkapnyauntuksemua  #pengalamanbaru, Sejak pandemi ini ga banyak aktivitas yang bisa dilakuin dirumah ,,,,,
yhossy_rizky,@linkaja Terima kasih @linkaja   sudah hadir dimasa pandemi seperti ini memberikan kemudahan cukup dengan sentuhan jari #lengkapnyauntuksemua, Terima kasih linkaja  sudah hadir dimasa pandemi seperti ini,,,,,
aznalmad,@linkaja Sejak pandemi melanda indonesia kita semua diharuskan #dirumahaja. Dengan dirumah kita bukan berhenti beraktifitas akan tetapi tetap melakukan hal positif. Nah kalo untuk segala sesuatu yang berhubungan dengan pembayaran ya tetap @linkaja  #lengk, Sejak pandemi melanda indonesia,,,,,
putrimarthin,@linkaja Masa pandemi di rumah membuat kita mempelajari hal hal kecil dari belajar memasakmembacaberolahraga di rumah menghabiskan waktu luang dengan keluarga itu yang sangat penting. Untuk aktivitas pembayaran online lewat app @linkaja  #lengkapnyauntuks, Masa pandemi di rumah membuat kita mempelajari hal hal kecil dari belajar memasak,,,,,
d4nielakt,@linkaja Selama pandemi ini alias #dirumahaja aku jadi lebih sering masak sendiri olahraga  dan galupa juga buat transaksi pake @linkaja #lengkapnyauntuksemua #PengalamanBaru, Selama pandemi ini alias #dirumahaja aku jadi lebih sering masak sendiri,,,,,
iamvia12,@linkaja Pas banget nih slama pandemi ini jadi lebih bahagia bisa brkumpul brsama keluarga membantu OrTu masak and selalu Brolahraga juga utk menjaga kesehatan tubuh and thank you untuk Apk @linkaja sangat membantu sya untuk mngisi saldo OVO  #PengalamanB, Pas banget nih,, and thank you untuk Apk linkaja sangat membantu sya untuk mngisi saldo OVO  #PengalamanBaru  #lengkapnyauntuksemua;positif,,,
jandabertarif,@linkaja Selama pandemi berlangsungaku mencoba untuk belajar masak dirumah dengan dilengkapi alat alat masak yang dibeli secara online dan pembayaran yang dibantu oleh @linkaja aku sangat berterima kasih #PengalamanBaru  #lengkapnyauntuksemua  #linkaja, Selama pandemi berlangsung,,,,,
nathacha_racha,@linkaja Akuu dulu paling males olahraga. Selain sibuk kerja PP depok-sudirman kalo mau olahraga udh cape duluan. Tapi karena pandemi gini wfh berasa gabut jadi yoga di rumah! Beli alat2 kayak matras dll di olshop bayarnya pake @linkaja praktisâœ¨ #lengka, Akuu dulu paling males olahraga. Selain sibuk kerja PP depok-sudirman,,,,,
alfinmania16,@linkaja Dimasa pandemi ini. Kita diharuskan makan makanan sehat mulai dari sayuran buah buahan dan lain lain. Pembayarannya pun sekarang bisa pake @linkaja #PengalamanBaru #lengkapnyauntuksemua, Dimasa pandemi ini. Kita diharuskan makan makanan sehat,,,,,
hendrafebry,@linkaja Selama pandemi @linkaja  aja sangat membatu untuk untuk pembayaran on line bagi yg mulai dagang online. Membntu saya berjualan makanan online.  #pengalamanbaru  #lengkapnyauntuksemua  #linkaja, Selama pandemi link aja sangat membantu untuk untuk pembayaran online bagi yg mulai dagang online. Membantu saya berjualan makanan online.  #pengalamanbaru  #lengkapnyauntuksemua  #linkaja,positif,,,,
adiisukmo,@linkaja Di masa pandemi gini banyak pengalaman baru yaitu membaca buku dan belajar memasak berbagai masakan indonesia. Kegiatan ini bisa aku lakuin dengan bantuan aplikasi @linkaja karena belanja mudah. #lengkapnyauntuksemua #PengalamanBaru, Di masa pandemi gini banyak pengalaman baru yaitu membaca buku dan belajar memasak berbagai masakan indonesia. Kegiatan ini bisa aku lakuin dengan bantuan aplikasi linkaja karena belanja mudah. #lengkapnyauntuksemua #PengalamanBaru,positif,,,,
zeinfazri,@linkaja Selama pandemi dapet hobi baru main sepeda bareng temen temen untuk beli part dan upgrade sepeda nya bisa bayar pakai @linkaja    tanpa ribet ğŸ’¯ jadi gak bingung lagi ketika #dirumahaja bisa berolahraga cardio setiap saatğŸ™Œ #lengkapnyauntukse, Selama pandemi dapet hobi baru main sepeda bareng temen temen,,,,,
pauskentuut,@linkaja di masa pandemi ini aku banyak menghabiskan waktu #dirumahaja dan banyak mengisi waktu luang dgn membaca buku dan belajar memasak sesekali jg olahraga pagi. Dgn pake @linkaja ini sgt membantu aku dan keluargaku untuk mempermudah pembayaran melalu, di masa pandemi ini aku banyak menghabiskan waktu #dirumahaja dan banyak mengisi waktu luang dgn membaca buku dan belajar memasak,,,,,
komalad5,@linkaja Pandemi menuntut perubahan selain harus #dirumahaja juga menuntut untuk lebih kreatif dan menjaga kesehatan dengan olah raga melakukan transaksi menggunakan @linkaja juga mengurangi resiko penularan #PengalamanBaru  #lengkapnyauntuksemua, Pandemi menuntut perubahan selain harus #dirumahaja juga menuntut untuk lebih kreatif dan menjaga kesehatan dengan olah raga,,,,,
trufflebudd,@linkaja Selama pandemi dan #dirumahaja  aku jadi punya pengalaman baru. Aku mulai belajar masak terutama masak kue. Aku beli bahan masak online dan bayar lewat @linkaja #PengalamanBaru #lengkapnyauntuksemua, Selama pandemi dan #dirumahaja ,,,,,
sukacleo,@linkaja Selama pandemi membuat intensitas di dalam rumah lebih lama belajar menulis baca buku dan masih banyak manfaat lainnya. Apalagi @linkaja yang bermanfaat buat semua transaksi. #LengkapnyaUntukSemua #PengalamanBaru, Selama pandemi membuat intensitas di dalam rumah lebih lama,,,,,
wagimanstory,@linkaja Selama pandemi dan #dirumasaja  jadi banyak hal dan pengalaman baru yang aku dapat seperti belajar memasak  membaca buku dan banyak kegiatan lainnya bersama keluarga. Dan segala ativitas pembayaran online lewat app @linkaja. #pengalamanbaru #leng, Selama pandemi dan #dirumasaja  jadi banyak hal dan pengalaman baru yang aku dapat,,,,,
adtyrzk05,@linkaja Sejak pandemi ini saya belajar bisnis online dan itu merupakan pengalaman baru saya hasilnya sangat bagus untuk menambah uang jajan saya uang hasil bisnis itu saya simpan lewat aplikasi @linkaja Karena mudah untuk membantu pembayaran saya. #lengk, Sejak pandemi ini saya belajar bisnis online dan itu merupakan pengalaman baru saya hasilnya sangat bagus untuk menambah uang jajan saya,,,,,
imamsutono_,@linkaja Biasanya sebelum pandemi sering jalan jalan tapi sekarang uang jajan bisa disisihin buat investasi masa depan. Dan investasinya bisa banget di @linkaja  ya kan :D  #lengkapnyauntuksemua #PengalamanBaru, Biasanya sebelum pandemi sering jalan jalan,,,,,
zaidanso,@linkaja daan sejak pandemi ini tepatnya di 2021 aku mulai pakai linkaja dan jadi keterusan deh sampe sekarang, daan sejak pandemi ini tepatnya di 2021 aku mulai pakai linkaja dan jadi keterusan deh sampe sekarang,positif,,,,
saputri_nasih,@linkaja Selama pandemi ini dan #dirumahaja jadi banyak hal dan pengalaman baru yang saya dapat seperti membaca buku belajar memasak dan banyak kegiatan lainnya bersama keluarga. Dan segala aktivitas pembayaran online lewat app @linkaja  #pengalamanbaru #, Selama pandemi ini dan #dirumahaja jadi banyak hal dan pengalaman baru yang saya dapat seperti membaca buku,,,,,
imel_imel_an,@linkaja Untung banged dah uda punya LinkAja sebelum pandemi. Jadi meski #DirumahAja bisa Bayar listrik PDAM pulsa hp tv kabel ampe pasar onlen cukup dikamar bahkan lagi ditoilet karena pake LinkAja lewat hp..ğŸ˜€  #lengkapnyauntuksemua #pengalamanbaru  @, Untung banged dah uda punya LinkAja sebelum pandemi. Jadi meski #DirumahAja bisa Bayar listrik,,,,,
nandaaulianr_,@linkaja Sejak pandemi ini jadi ngerubah pola hidup yang harus diiringin makan makanan sehat dan olahraga. Belum lagi menjalankan protokol kesehatan salah satunya meminimalisir penggunaan uang cash jadi punya beberapa e-money termasuk @linkaja . #lengkapn, Sejak pandemi ini,, jadi punya beberapa e-money, termasuk linkaja. #lengkapnyauntuksemua #pengalamanbaru;positif,,
fdlheka,@linkaja Linkaja mempermudah saya membeli kuota di masa pandemi initidak perlu keluar rumah dan dapat melalui mobile banking pembayarannyaSELAMAT HARI RAYA IMLEK! #LengkapnyaUntukSemua, Linkaja mempermudah saya membeli kuota di masa pandemi ini,,,,,
asepsun12,@linkaja Saya baru menggunakan aplikasi ini dan sangat membantu saat  pandemi seperti ini .dengan aplikasi linkaja saya bisa melakukan pembayaran apa saja tanpa keluar rumah.mudahpratktis dan cepat... Terimakasih @linkajağŸ˜˜ #PengalamanBaru  ##lengkapnya, Saya baru menggunakan aplikasi ini dan sangat membantu saat  pandemi seperti ini .dengan aplikasi linkaja saya bisa melakukan pembayaran apa saja tanpa keluar rumah.mudah,,,,,
kingipulll,@linkaja @linkaja dimasa pandemi gini sulit buat kemana mana mau transaksi langsung takut kena corona untung ada LinkAja sebagai solusi yg cepat tepat dan bermanfaat #LinkAja #lengkapnyauntuksemua #PengalamanBaru,  dimasa pandemi gini sulit buat kemana mana,,,,,
yunyuniii,@linkaja Belajar masak jadi #PengalamanBaru  buat aku di tengah pandemi inibayar belanjaan pake link aja bener-bener bikin mudah semuanya #lengkapnyauntuksemua, Belajar masak jadi #PengalamanBaru  buat aku di tengah pandemi ini,,,,,
kyukkkkyu,@linkaja Di Pandemi ini gilak sih makin sering naik sepedandan juga membaca buku. Apalagi juga kalo belanja-belanja pake @linkaja jadi makin gampang banget. Mantap !! #PengalamanBaru #lengkapnyauntuksemua, Di Pandemi ini gilak sih makin sering naik sepedandan juga membaca buku. Apalagi juga kalo belanja-belanja pake linkaja jadi makin gampang banget. Mantap !! #PengalamanBaru #lengkapnyauntuksemua,positif,,,,
ibukosbaik_,@linkaja Pengen deh bisa belajar masak lagi karena di masa pandemi jd kurang ada kegiatan dirumah huhu tapi bahan udh pd menipis. Dan untungnya ada link aja bisa bayar e-commerce tanpa ribet. #PengalamanBaru #LengkapnyaUntukSemua @linkaja, Pengen deh bisa belajar masak lagi karena di masa pandemi jd kurang ada kegiatan dirumah huhu,,,,,
mbaknyabangtan,@linkaja Selama pandemi ini makan makanan sehat membantu banget buat kesehatan tubuh. Terima kasih link aja sudah menjadi aplikasi yang membantu untuk semua ğŸ™  #PengalamanBaru #LengkapUntukSemua, Selama pandemi ini makan makanan sehat membantu banget buat kesehatan tubuh. Terima kasih link aja sudah menjadi aplikasi yang membantu untuk semua ğŸ™  #PengalamanBaru #LengkapUntukSemua,positif,,,,
mboiscak,@linkaja Berkat promo kuota di @linkaja aku jadi bisa belajar masak setiap hari selama pandemi lewat tutorial di youtube  #PengalamanBaru  #lengkapnyauntuksemua @linkaja, Berkat promo kuota di  aku jadi bisa belajar masak setiap hari selama pandemi lewat tutorial di youtube  #PengalamanBaru  #lengkapnyauntuksemua ,positif,,,,
febritaayu,@linkaja Imlek sebentar lagi. Saatnya bagi2 angpao nih. Meski pandemi tetep bisa berbagi angpao virtual lewat @linkaja . Cocok sekali kan prokes tetap terjaga tapi angpao tetap dikasihkan ğŸ˜Š #PengalamanBaru #LengkapnyaUntukSemua @linkaja, Imlek sebentar lagi. Saatnya bagi2 angpao nih. Meski pandemi,,,,,
sugunru,@linkaja Selama masa pandemi aku jadi suka banget workout/olahraga pagi buat nambah tinggi hehehaku juga suka banget belajar masak dessert beli bahan bahannya cukup dari marketplace dan bayar pake linkaja pokoknya praktis dehh #PengalamanBaru #LengkapnyaU, Selama masa pandemi,,,,,
sholihanadia,@linkaja Pas lagi ada kelas online dan tiba2 paketan habis ditengah kelas itu menyusahkan untung ada link aja jadi bisa beli pulsa cepet dan ga ribet. Mantap deh aplikasi ini terlebih saat pandemi gini jadi bisa meminimalisir keluar rumah.  #pengalamanbar, Pas lagi ada kelas online dan tiba2 paketan habis ditengah kelas itu menyusahkan,,,,,
mrcrown47356914,@linkaja Banyak banget aktifitas yang akhirnya dilakukan #DiRumahAja karena pandemi Bersepeda jadi aktifitas baru aku selama pandemi. Terima kasih buat @linkaja udah memudahkan transaksi melalui Smartphone. #pengalamanbaru #lengkapnyauntuksemua, Banyak banget aktifitas yang akhirnya dilakukan #DiRumahAja karena pandemi,,,,,
fyan90,@linkaja Selama pandemi ini hampir tiap hari selalu menjaga imunitas tubuh dengan olahraga pagi dan berjemur selain itu untuk keperluan pembayaran saya sangat mengandalkan @linkaja karna sangat lengkap sekali fiturnya #pengalamanbaru #lengkapnyauntuksemua, Selama pandemi ini hampir tiap hari selalu menjaga imunitas tubuh dengan olahraga pagi dan berjemur,,,,,
lievaniaa,Pandemi kaya gini emang enak banget tuh bayar apapun di rumah ajah ku kasih tau ya guys cukup di rumah aja pakai @linkaja HEMAT waktu juga guys #LengkapnyaUntukSemua  https://t.co/xJxxczLU25,Pandemi kaya gini emang enak banget tuh bayar apapun di rumah ajah,,,,,
ibu151,@linkaja Bukannya promo kemudahan tinggal di rumah malah ngajak jalan2 di tengah pandemi. Kalo udah g pandemi jadinya ngajakin macet2in jalan. Saran ya Min perbaiki ide promosinya...,linkaja Bukannya promo kemudahan tinggal di rumah,,,,,
abbas_hervinda,@linkaja Pengalaman baru menggunakan LinkAja selama masa pandemi #lengkapnyauntuksemua #PengalamanBaru @linkaja, Pengalaman baru menggunakan LinkAja selama masa pandemi #lengkapnyauntuksemua #PengalamanBaru ,positif,,,,
billyluista,@linkaja Aku selalu males keluar rumah apalagi saat pandemi. Tapi karena nggak punya E-banking aku jadi harus ke ATM. Tapi dengan adanya @linkaja aku merasa sangat terbantu sekaligus menjadi pengalaman baru bertransaksi secara mudah dan cepat. #lengkapnya, Aku selalu males keluar rumah,,,,,
dekkiki5,@linkaja Bagus banget kak saya akhir akhir ini sangat suka banget dengan #linkaja  Pas banget untuk pandemi Covid #PengalamanBaru #lengkapnyauntuksemua #dirumahaja, Bagus banget kak,,,,,
kabelkuningg,@linkaja Pas banget untuk aku yang sering males keluar rumah apalagi waktu pandemi gini daan kerennya lagi dapet cashback #PengalamanBaruÂ #LengkapnyaUntukSemua @linkaja, Pas banget untuk aku yang sering males keluar rumah apalagi waktu pandemi gini daan kerennya lagi dapet cashback #PengalamanBaruÂ #LengkapnyaUntukSemua ,positif,,,,
mohsony4,@linkaja Pandemi gini tetap produktif lah  Belajar Foto  Olahraga Pagi  dan pastinya Ngerjain tugas kampus dong dan kebantu dengan paket internet murah dari @linkaja #PengalamanBaru #LengkapnyaUntukSemua, Pandemi gini tetap produktif lah ,,,,,
tohamuhammad19,@linkaja Saat pandemi ini semua kegiatan dirumahkan termasuk belajar  dan pada saat kuota habis dengan aplikasi @Linkaja bisa lebih gampang dan cepat mengisi kuota dan tak perlu keluar rumah dan juga jadi pengalaman baru Dengan berbianis online  #lengkapn, Saat pandemi ini semua kegiatan dirumahkan termasuk belajar,,,,,
biscuitspanda,@linkaja Pengalaman selama #dirumahaja jadi lebih sering berolahraga dan bersih-bersih rumah karna untuk meluangkan waktu.Disaat pandemi seperti sekarang takut untuk keluar rumah tapi semenjak pakai aplikasi @linkaja semuanya jadi mudah. #lengkapnyauntuks, Pengalaman selama #dirumahaja jadi lebih sering berolahraga dan bersih-bersih rumah karna untuk meluangkan waktu.Disaat pandemi seperti sekarang takut untuk keluar rumah tapi semenjak pakai aplikasi linkaja semuanya jadi mudah. #lengkapnyauntuksemua #PengalamanBaru,positif,,,,
dengdex,@linkaja mempermudah segala urusan di saat pandemi isi pulsa token jadi ga perlu ke minimarket udah gitu ada cashback nya lagi kalo bisa perbanyak lagi cashback nya ğŸ˜…  #lengkapnyauntuksemua  #PengalamanBaru,linkaja mempermudah segala urusan di saat pandemi,,,,,
michaelarri1,@linkaja Selama pandemi menggunakan link aja lbih menguntungkan karena tidak cape #lengkapnyauntuksemua #PengalamanBaru  @linkaja, Selama pandemi menggunakan link aja lbih menguntungkan karena tidak cape #lengkapnyauntuksemua #PengalamanBaru  ,positif,,,,
syafak_08,@linkaja Selama pandemi saya lebih mudah melakukan transaksi dari rumah dan tdk perlu keluar rumah  #PengalamanBaru #LengkapnyaUntukSemua #linkaja, Selama pandemi saya lebih mudah melakukan transaksi dari rumah dan tdk perlu keluar rumah  #PengalamanBaru #LengkapnyaUntukSemua #linkaja,positif,,,,
alfiannoorrully,@linkaja Selama pandemi banyak memunculkan gagasan ide baru untuk berusaha lebih lagi buat kemajuan usaha yg sedang di rintis untung dipermudah dengan adanya @linkaja transfer pun cepat urusannya #PengalamanBaru #lengkapnyauntuksemua  #linkaja, Selama pandemi linkaja banyak memunculkan gagasan ide baru untuk berusaha lebih lagi buat kemajuan usaha yg sedang di rintis,,,,,
saya41567840,@linkaja  Suka banget dengan aplikasi ini semakin mudah di era digital dan saat pandemi seperti ini serba mudah #PengalamanBaru  #lengkapnyauntuksemua @linkaja,  Suka banget dengan aplikasi ini,,,,,
murnisukabiru,@linkaja Pandemi ini membuat aq #dirumahaja  bekerja online merupakan #PengalamanBaru buat aku karena @linkaja aku bisa bertransaksi online dengan mudah  aplikasi yang mempunyai fitur banyak maka #lengkapnyauntuksemua ğŸ˜, Pandemi ini membuat aq #dirumahaja ,,,,,
apuje2,"@linkaja Selama pandemi semua dilakukan dirumah.. jadi suka baca buku.. untung pembayaran"" online bisa dilakukan di @linkaja jadi ga perlu keluar rumah #PengalamanBaru #lengkapnyauntuksemua"," Selama pandemi semua dilakukan dirumah.. jadi suka baca buku.. untung pembayaran"" online bisa dilakukan di linkaja jadi ga perlu keluar rumah #PengalamanBaru #lengkapnyauntuksemua",positif,,,,
jamaisvu_sky,@linkaja pengalamanya selama pandemi ini saya mendownload Aplikasi LinkAjamembuat segala kesusahan menjadi mudah seperti contoh melakukan transfer uang #lengkapnyauntuksemua  #PengalamanBaru @linkaja, pengalamanya selama pandemi ini saya mendownload Aplikasi LinkAja,,,,,
nhrrrrrri,@linkaja Ga nyangka ya dari satu aplikasi kita bisa melakukan semuanya salahsatunya buat kita yang ingin makan makanan sehat di era pandemi seperti ini membayar gofood pake @linkaja jadi mudah tanpa takut terpapar virus ini merupakan #PengalamanBaru dan y, Ga nyangka ya,,,,,
rickysi95745641,Di masa Pandemi ini gue bosan di rumah dan mulai membaca bukubelajar fotobelajar masakbahkan gemar olahraga seperti sepeda.Untuk urusan bayar2 saya tidak repot karena ada @linkaja yang bisa akses kemana aja. #pengalamanbaru  #lengkapnyauntuksemua,Di masa Pandemi ini gue bosan di rumah dan mulai membaca buku,,,,,
punkmonk14,@linkaja Pandemi banyak waktu luangsaya memutuskan untuk bisnis hewan peliharaanmeskipun susah di awal awal alhamdullilah mulai naik omset penjualandan untuk pembayaran listrik kandang saya menggunakan @linkaja lebih enak aja pake nya ga ribet.  #Pengalam, Pandemi banyak waktu luang,,,,,
asepsun12,@linkaja #PengalamanBaru di masa pandemi ini saya mengunakan @linkaja membuat semua jadi mudah dan episien tak perlu melakukan keluar rumah dan kita hanya cukup cari di sini dengan satu kali klik kita bisa menjelajahi apa saja yang kita cari #dirumahaja  , #PengalamanBaru di masa pandemi ini saya mengunakan linkaja membuat semua jadi mudah dan episien tak perlu melakukan keluar rumah dan kita hanya cukup cari di sini dengan satu kali klik kita bisa menjelajahi apa saja yang kita cari #dirumahaja  #lengkapnyauntuksemua ,positif,,,,
nnaxf,@linkaja Pandemi gini bikin banyak waktu #dirumahaja dan juga ngasih pengalaman yang ga akan dilupain. Apalagi sekarang jadi suka masak karna pandemi apalagi jadi gampang kalo mau beli apa aja atau top up pake @linkaja. #PengalamanBaru #LengkapnyaUntukSem, Pandemi gini bikin banyak waktu #dirumahaja dan juga ngasih pengalaman yang ga akan dilupain. Apalagi sekarang jadi suka masak karna pandemi,,,,,
trustyraaaaa,@linkaja selama pandemi ini aku banyak melakukan aktivitas rumah seperti memasak mendekor kamar merapikan kamar dan tidak lupa juga berolahraga. tak kalah menarik aku juga menggunakan aplikasi @linkaja untuk melakukan pembayaran online. #PengalamanBaru #l, selama pandemi ini aku banyak melakukan aktivitas rumah seperti memasak,,,,,
suit_kece,@linkaja hobby istri gw tuh nge mall dan saat kondisi spt saat ini pandemi agak worry buat setiap transaksi cash.. untung ada @linkaja apalagi banyak promonya ğŸ‘Œ #pengalamanbaru #lengkapnyauntuksemua, hobby istri gw tuh nge mall,,,,,
fadilatur11,@linkaja Semenjak pandemi aku jadi suka baca buku belajar fotografi belajar masak sama mama. Untuk aktivitas online aku juga sering pakai aplikasi @linkaja #pengalamanbaru #lengkapnyauntuksemua #linkaja, Semenjak pandemi aku jadi suka baca buku,,,,,
sucinurfauzi,@linkaja Selama di rumah berkat LinkAja semua transaksi jadi lebih mudah dan nyaman. Bahkan saya buka usaha jual pulsa dari LinkAja. Terima kasih selama pandemi ini saya jadi dapet keuntungan., Selama di rumah,,,,,
yapana5,@linkaja #Lengkapnyauntuksemua Terimakasih @linkaja atas peformanya di masa masa pandemi ini dgn adanya linkaja sangat membantu dlm bertransaksi, #Lengkapnyauntuksemua Terimakasih  atas peformanya di masa masa pandemi ini dgn adanya linkaja sangat membantu dlm bertransaksi,positif,,,,
ardyanmj1,@linkaja Inspiratif sekali bisa jadi solusi saat pandemi begini #lengkapnyauntuksemua,linkaja Inspiratif sekali,,,,,
yangmakanindomi,@linkaja Apakah link aja bisa memperbaiki fitur untuk transaksinya bisa lebih banyak atau lebih lama dikarenakan jika harus mengunjungi grapari sangat merepotkan dan saat ini masa pandemi. Tolong di bantu min, Apakah link aja bisa memperbaiki fitur untuk transaksinya bisa lebih banyak atau lebih lama dikarenakan jika harus mengunjungi grapari sangat merepotkan dan saat ini masa pandemi. Tolong di bantu min,negatif,,,,
dorenareynold41,Lagi pandemi kurang-kurangin transaksi pake uang tunai. Mending bayarnya pake @linkaja . #LengkapnyaUntukSemua  https://t.co/olbg1p03tt  https://t.co/ZZIiZmHA5D,Lagi pandemi kurang-kurangin transaksi pake uang tunai. Mending bayarnya pake linkaja . #LengkapnyaUntukSemua  https://t.co/olbg1p03tt  https://t.co/ZZIiZmHA5D,positif,,,,
jual_headset,@linkaja emang selalu ngasih solusi banget nih buat bayar apa aja jadi bisa ngurangin transaksi tunai pas pandemi kaya gini #lengkapnyauntuksemua  https://t.co/Ar3yyWwndW,linkaja emang selalu ngasih solusi banget nih buat bayar apa aja,,,,,
ongmasian,Kondisi pandemi emang harus juga ngurangin pembayaran tunai demi kesehatan bersama makanya aku kalo bayar apa aja selalu pake @linkaja #LengkapnyaUntukSemua  https://t.co/ulvVJNfpKX  https://t.co/AVYNEgQd6T,Kondisi pandemi emang harus juga ngurangin pembayaran tunai demi kesehatan bersama,,,,,
violavivi14,dimasa pandemi gini memang pelru hati hati sih melakukan pembyaran apalgi dari uang cash takutnya menyebarkan virus mending pake linkaja bayarnya @linkaja bisa juga untuk KRL loh #LengkapnyaUntukSemua  https://t.co/jqjXFo55FI  https://t.co/qHcBFJCezX,dimasa pandemi gini memang pelru hati hati sih,,,,,
beatsmirari384,Harus kurangin penggunaan uang tunai di masa pandemi gini. Makanya pilih @linkaja buat bayar ojol. #LengkapnyaUntukSemua  https://t.co/q4Y1iZ3o5d  https://t.co/AeFvCWWv7H,Harus kurangin penggunaan uang tunai di masa pandemi gini. Makanya pilih linkaja buat bayar ojol. #LengkapnyaUntukSemua  https://t.co/q4Y1iZ3o5d  https://t.co/AeFvCWWv7H,positif,,,,
koranbumn,Masa Pandemi Covid-19 Pengguna Terdaftar LinkAja Naik 23 Persen  https://t.co/kJktHTBz1E @linkaja @KemenBUMN @Telkomsel,Masa Pandemi Covid-19,,,,,
hanyadavidsaja,@linkaja Belanja dimana aja bisa dengan LinkAja benar-benar memudahkan terutama di masa pandemi seperti sekarang cashless lebih baik. #Lengkapnyauntuksemua, Belanja dimana aja bisa dengan LinkAja,,,,,
kelvinmp_wwe,@linkaja LinkAja sangat inspiratif sekali recommended app banget untuk dimasa pandemi seperi sekarang semuanya serba mudah. Belanja dimana aja bisa dengan LinkAja   #LengkapnyaUntukSemua, LinkAja sangat inspiratif sekali,,,,,
odotfcp,@linkaja aplikasi yang sangat membantu dimasa pandemi seperti ini dompet digital yg sangat mudah dan gak ribet #lengkapnyauntuksemua, aplikasi yang sangat membantu dimasa pandemi seperti ini,,,,,
irhmy_08,@linkaja @linkaja knapa pulsa saya 100rb udah lebih dri 3x24 jam ditunggu juga ga masuk jgn merugikan pelanggan apalagi dimasa-masa pandemi kyk gini,  knapa pulsa saya 100rb udah lebih dri 3x24 jam ditunggu juga ga masuk,,,,,
qnonk_,Dear @linkaja  Akun saya terblokir dan sdh tlp cc tp solusinya suruh dtg ke grapari karena no tlp yg terdaftar bukan no tsel. Padahal lagi pandemi dan disuruh di rumah aja tolong lah solusi nya biar ga harus keluar rumah dan memutus rantai penularan.,Dear linkaja Akun saya terblokir dan sdh tlp cc tp solusinya suruh dtg ke grapari karena no tlp yg terdaftar bukan no tsel. Padahal lagi pandemi dan disuruh di rumah aja,,,,,
